{"initial_reset_timestamp": 1586289705.2863348, "timestamps": [1586289705.5885162], "episode_lengths": [508], "episode_rewards": [0.0], "episode_types": ["t"]}